<?xml version="1.0" encoding="iso-8859-1" standalone="no"?>
<Invoice xmlns="urn:oasis:names:specification:ubl:schema:xsd:Invoice-2" xmlns:cac="urn:oasis:names:specification:ubl:schema:xsd:CommonAggregateComponents-2" xmlns:cbc="urn:oasis:names:specification:ubl:schema:xsd:CommonBasicComponents-2" xmlns:ccts="urn:un:unece:uncefact:documentation:2" xmlns:ds="http://www.w3.org/2000/09/xmldsig#" xmlns:ext="urn:oasis:names:specification:ubl:schema:xsd:CommonExtensionComponents-2" xmlns:qdt="urn:oasis:names:specification:ubl:schema:xsd:QualifiedDatatypes-2" xmlns:sac="urn:sunat:names:specification:ubl:peru:schema:xsd:SunatAggregateComponents-1" xmlns:udt="urn:un:unece:uncefact:data:specification:UnqualifiedDataTypesSchemaModule:2" xmlns:xsi="http://www.w3.org/2001/XMLSchema-instance">
  <ext:UBLExtensions>
    <ext:UBLExtension>
      <ext:ExtensionContent>
        <sac:AdditionalInformation>
          <sac:AdditionalMonetaryTotal>
            <cbc:ID>1001</cbc:ID>
            <cbc:PayableAmount currencyID="USD">712.00</cbc:PayableAmount>
          </sac:AdditionalMonetaryTotal>
          <sac:AdditionalMonetaryTotal>
            <cbc:ID>1002</cbc:ID>
            <cbc:PayableAmount currencyID="USD">0.00</cbc:PayableAmount>
          </sac:AdditionalMonetaryTotal>
          <sac:AdditionalMonetaryTotal>
            <cbc:ID>1003</cbc:ID>
            <cbc:PayableAmount currencyID="USD">0.00</cbc:PayableAmount>
          </sac:AdditionalMonetaryTotal>
          <sac:AdditionalMonetaryTotal>
            <cbc:ID>1004</cbc:ID>
            <cbc:PayableAmount currencyID="USD">0.00</cbc:PayableAmount>
          </sac:AdditionalMonetaryTotal>
          <sac:AdditionalMonetaryTotal>
            <cbc:ID>2005</cbc:ID>
            <cbc:PayableAmount currencyID="USD">0.00</cbc:PayableAmount>
          </sac:AdditionalMonetaryTotal>
          <sac:AdditionalProperty>
            <cbc:ID>1000</cbc:ID>
            <cbc:Value>OCHOCIENTOS CUARENTA  CON 16/100 DOLARES AMERICANOS</cbc:Value>
          </sac:AdditionalProperty>
        </sac:AdditionalInformation>
      </ext:ExtensionContent>
    </ext:UBLExtension>
    <ext:UBLExtension>
      <ext:ExtensionContent>
        <cac:CustomerInternalSystem>
          <cbc:IdInvoiceERP>F|F023-0004906|1</cbc:IdInvoiceERP>
        </cac:CustomerInternalSystem>
      </ext:ExtensionContent>
    </ext:UBLExtension>
    <ext:UBLExtension>
      <ext:ExtensionContent>
        <sac:CustomMaritimeAgIndustry>
          <sac:PartyReceivedService>
            <cbc:Name>DOGANA SA AGENTES AFIANZADOS DE ADUANAS</cbc:Name>
            <cbc:Address>CALLE HERMANOS CATARI 186 URB.  MARANGA</cbc:Address>
            <cbc:DocumentNumber>20213635531</cbc:DocumentNumber>
          </sac:PartyReceivedService>
          <cbc:OperationCode>IMPORTACION</cbc:OperationCode>
          <cbc:OperationNumber>2005877</cbc:OperationNumber>
          <cbc:PortName>1</cbc:PortName>
          <cbc:BusinessLine>DEPOSITO DE CONTENEDORES VACIOS</cbc:BusinessLine>
        </sac:CustomMaritimeAgIndustry>
      </ext:ExtensionContent>
    </ext:UBLExtension>
  </ext:UBLExtensions>
  <cbc:UBLVersionID>2.0</cbc:UBLVersionID>
  <cbc:CustomizationID>1.0</cbc:CustomizationID>
  <cbc:ID>F023-0004908</cbc:ID>
  <cbc:IssueDate>2016-06-14</cbc:IssueDate>
  <cbc:InvoiceTypeCode>01</cbc:InvoiceTypeCode>
  <cbc:Note>MSC ANGELA</cbc:Note>
  <cbc:Note>619A</cbc:Note>
  <cbc:Note>HLXU-3535456/TGHU-2123887/FCIU-2019854/HLXU3537989</cbc:Note>
  <cbc:DocumentCurrencyCode>USD</cbc:DocumentCurrencyCode>
  <cac:AccountingSupplierParty>
    <cbc:CustomerAssignedAccountID>20259171891</cbc:CustomerAssignedAccountID>
    <cbc:AdditionalAccountID>6</cbc:AdditionalAccountID>
    <cac:Party>
      <cac:PartyName>
        <cbc:Name>IMUPESA</cbc:Name>
      </cac:PartyName>
      <cac:PostalAddress>
        <cbc:ID>070101</cbc:ID>
        <cbc:StreetName>AV. NESTOR GAMBETA 5502</cbc:StreetName>
        <cbc:CityName>PROV. CONST. DEL CALLAO</cbc:CityName>
        <cbc:CountrySubentity>PROV. CONST. DEL CALLAO</cbc:CountrySubentity>
        <cbc:District>CALLAO</cbc:District>
        <cac:Country>
          <cbc:IdentificationCode>PE</cbc:IdentificationCode>
        </cac:Country>
      </cac:PostalAddress>
      <cac:PartyLegalEntity>
        <cbc:RegistrationName>INVERS. MARITIMAS UNIVERSALES PERU S.A.</cbc:RegistrationName>
      </cac:PartyLegalEntity>
      <cac:Contact>
        <cbc:Telephone>619-0200</cbc:Telephone>
        <cbc:ElectronicMail>sistemas@imupesa.com.pe</cbc:ElectronicMail>
      </cac:Contact>
    </cac:Party>
  </cac:AccountingSupplierParty>
  <cac:AccountingCustomerParty>
    <cbc:CustomerAssignedAccountID>20211040352</cbc:CustomerAssignedAccountID>
    <cbc:AdditionalAccountID>6</cbc:AdditionalAccountID>
    <cac:Party>
      <cac:PostalAddress>
        <cbc:StreetName>AV. CORONEL NESTOR GAMBETTA NRO. 150 URB. INDUSTRIAL LA CHALACA</cbc:StreetName>
      </cac:PostalAddress>
      <cac:PartyLegalEntity>
        <cbc:RegistrationName>QUIMICOS GOICOCHEA S.A.C.</cbc:RegistrationName>
      </cac:PartyLegalEntity>
      <cac:Contact>
        <cbc:ElectronicMail>import@quimicosgoicochea.com</cbc:ElectronicMail>
      </cac:Contact>
    </cac:Party>
  </cac:AccountingCustomerParty>
  <cac:PaymentMeans>
    <cbc:PaymentMeansCode>10</cbc:PaymentMeansCode>
    <cbc:InstructionNote> Cheque 00068510 BANCO DE CREDITO US$ 840.16</cbc:InstructionNote>
  </cac:PaymentMeans>
  <cac:PaymentMeans>
    <cbc:PaymentMeansCode>ZZZ</cbc:PaymentMeansCode>
    <cbc:PaymentDueDate>2016-06-14</cbc:PaymentDueDate>
  </cac:PaymentMeans>
  <cac:PaymentTerms>
    <cbc:ID>01</cbc:ID>
  </cac:PaymentTerms>
  <cac:TaxTotal>
    <cbc:TaxAmount currencyID="USD">128.16</cbc:TaxAmount>
    <cac:TaxSubtotal>
      <cbc:TaxAmount currencyID="USD">128.16</cbc:TaxAmount>
      <cac:TaxCategory>
        <cac:TaxScheme>
          <cbc:ID>1000</cbc:ID>
          <cbc:Name>IGV</cbc:Name>
          <cbc:TaxTypeCode>VAT</cbc:TaxTypeCode>
        </cac:TaxScheme>
      </cac:TaxCategory>
    </cac:TaxSubtotal>
  </cac:TaxTotal>
  <cac:TaxTotal>
    <cbc:TaxAmount currencyID="USD">0.00</cbc:TaxAmount>
    <cac:TaxSubtotal>
      <cbc:TaxAmount currencyID="USD">0.00</cbc:TaxAmount>
      <cac:TaxCategory>
        <cac:TaxScheme>
          <cbc:ID>9999</cbc:ID>
          <cbc:Name>OTROS</cbc:Name>
          <cbc:TaxTypeCode>OTH</cbc:TaxTypeCode>
        </cac:TaxScheme>
      </cac:TaxCategory>
    </cac:TaxSubtotal>
  </cac:TaxTotal>
  <cac:LegalMonetaryTotal>
    <cbc:AllowanceTotalAmount currencyID="USD">0.00</cbc:AllowanceTotalAmount>
    <cbc:ChargeTotalAmount currencyID="USD">0.00</cbc:ChargeTotalAmount>
    <cbc:PayableAmount currencyID="USD">840.16</cbc:PayableAmount>
  </cac:LegalMonetaryTotal>
  <cac:InvoiceLine>
    <cbc:ID>1</cbc:ID>
    <cbc:InvoicedQuantity unitCode="C62">4.00</cbc:InvoicedQuantity>
    <cbc:LineExtensionAmount currencyID="USD">712.00</cbc:LineExtensionAmount>
    <cac:PricingReference>
      <cac:AlternativeConditionPrice>
        <cbc:PriceAmount currencyID="USD">210.0400000000</cbc:PriceAmount>
        <cbc:PriceTypeCode>01</cbc:PriceTypeCode>
      </cac:AlternativeConditionPrice>
      <cac:AlternativeConditionPrice>
        <cbc:PriceAmount currencyID="USD">0.00</cbc:PriceAmount>
        <cbc:PriceTypeCode>02</cbc:PriceTypeCode>
      </cac:AlternativeConditionPrice>
    </cac:PricingReference>
    <cac:AllowanceCharge>
      <cbc:ChargeIndicator>false</cbc:ChargeIndicator>
      <cbc:Amount currencyID="USD">0.00</cbc:Amount>
    </cac:AllowanceCharge>
    <cac:TaxTotal>
      <cbc:TaxAmount currencyID="USD">128.16</cbc:TaxAmount>
      <cac:TaxSubtotal>
        <cbc:TaxAmount currencyID="USD">128.16</cbc:TaxAmount>
        <cac:TaxCategory>
          <cbc:TaxExemptionReasonCode>10</cbc:TaxExemptionReasonCode>
          <cac:TaxScheme>
            <cbc:ID>1000</cbc:ID>
            <cbc:Name>IGV</cbc:Name>
            <cbc:TaxTypeCode>VAT</cbc:TaxTypeCode>
          </cac:TaxScheme>
        </cac:TaxCategory>
      </cac:TaxSubtotal>
    </cac:TaxTotal>
    <cac:Item>
      <cbc:Description>GATE IN-CONTENEDORES 20 SECO VACIO</cbc:Description>
      <cac:SellersItemIdentification>
        <cbc:ID>DC02-0005</cbc:ID>
      </cac:SellersItemIdentification>
    </cac:Item>
    <cac:Price>
      <cbc:PriceAmount currencyID="USD">178.00</cbc:PriceAmount>
    </cac:Price>
  </cac:InvoiceLine>
</Invoice>